enrollment_id,student_id,student_name,grade,class_letter,city,course,teacher,track,level,start_date,end_date,status,lessons_completed,total_lessons,progress,average_score,hours_spent,attempts,email,clubs,comment
10001,2001,Мария Белов,5,A,Москва,Python,Е.В. Орлова,programming,basic,2025-12-12,,active,10,24,42%,56.1,16.3,3,student2001@school.example,театр,Иногда опаздывает со сдачей
10002,2001,Мария Белов,5,A,Москва,Биология,Т.К. Лебедева,science,advanced,2026-03-10,2026-08-26,completed,12,12,100%,68.7,15.3,4,student2001@school.example,театр,  Отличный прогресс  
10003,2001,Мария Белов,5,A,Москва,Робототехника,И.А. Петров,engineering,basic,2026-03-09,,active,8,16,50%,56.6,17.0,4,student2001@school.example,театр,Нужно внимательнее читать условие
10004,2001,Мария Белов,5,A,Москва,Физика,М.И. Соколов,science,basic,2025-10-14,,active,10,12,83%,82.6,14.4,2,student2001@school.example,театр,
10005,2002,Мария Макаров,9,A,Псков,Веб-разработка,Д.Р. Белов,programming,basic,2026-02-05,,active,2,12,17%,52.3,2.2,4,student2002@school.example,робототехника|шахматы,
10006,2002,Мария Макаров,9,A,Псков,Робототехника,И.А. Петров,engineering,advanced,2025-12-17,2026-03-29,completed,32,32,100%,70.3,41.2,2,student2002@school.example,робототехника|шахматы,Нужна практика с домашними заданиями
10007,2002,Мария Макаров,9,A,Псков,Английский язык,С.В. Морозова,language,advanced,2026-01-21,2026-07-19,completed,12,12,100%,84.4,17.1,4,student2002@school.example,робототехника|шахматы,Хорошо работает в команде
10008,2002,Мария Макаров,9,A,Псков,Олимпиадная математика,А.С. Крылов,math,basic,2026-04-06,,active,7,24,29%,51.8,12.7,3,student2002@school.example,робототехника|шахматы,
10009,2003,Артём Соколов,7,A,Казань,Python,Е.В. Орлова,programming,basic,2026-02-26,2026-08-12,completed,24,24,100%,71.1,33.3,5,student2003@school.example,волейбол|медиа,интерес к ПРОЕКТАМ
10010,2003,Артём Соколов,7,A,Казань,Английский язык,С.В. Морозова,language,advanced,2025-11-19,2026-06-05,completed,12,12,100%,84.6,25.8,3,student2003@school.example,волейбол|медиа,Сильная проектная работа
10011,2003,Артём Соколов,7,A,Казань,Робототехника,И.А. Петров,engineering,advanced,2026-01-01,2026-05-05,completed,20,20,100%,95.5,31.4,4,student2003@school.example,волейбол|медиа,Сильная проектная работа
10012,2004,Андрей Лебедев,11,A,Казань,Олимпиадная математика,А.С. Крылов,math,intermediate,2026-03-28,,active,13,20,65%,70.5,28.2,3,student2004@school.example,робототехника|шахматы,Стабильно выполняет задания
10013,2004,Андрей Лебедев,11,A,Казань,Робототехника,И.А. Петров,engineering,basic,2026-01-21,,active,10,12,83%,83.6,22.8,4,student2004@school.example,робототехника|шахматы,Нужно внимательнее читать условие
10014,2005,Илья Жуков,5,A,Тверь,Физика,М.И. Соколов,science,intermediate,2026-04-26,,active,4,20,20%,91.5,7.6,5,student2005@school.example,медиа,Часто задаёт вопросы на занятии
10015,2005,Илья Жуков,5,A,Тверь,Олимпиадная математика,А.С. Крылов,math,intermediate,2025-09-29,,active,13,16,81%,63.3,28.8,5,student2005@school.example,медиа,интерес к ПРОЕКТАМ
10016,2005,Илья Жуков,5,A,Тверь,Биология,Т.К. Лебедева,science,advanced,2026-02-06,,active,6,16,38%,75.4,9.0,3,student2005@school.example,медиа,Нужна практика с домашними заданиями
10017,2005,Илья Жуков,5,A,Тверь,Веб-разработка,Д.Р. Белов,programming,basic,2026-01-27,2026-02-20,dropped,4,12,33%,55.2,6.2,2,student2005@school.example,медиа,Стабильно выполняет задания
10018,2006,Софья Яковлев,11,B,Псков,Английский язык,С.В. Морозова,language,advanced,2026-02-21,2026-03-30,dropped,11,32,34%,48.9,20.3,1,student2006@school.example,,Нужно внимательнее читать условие
10019,2006,Софья Яковлев,11,B,Псков,Олимпиадная математика,А.С. Крылов,math,intermediate,2025-11-23,2026-03-06,completed,24,24,100%,58.2,51.9,5,student2006@school.example,,  Отличный прогресс  
10020,2006,Софья Яковлев,11,B,Псков,Python,Е.В. Орлова,programming,basic,2026-01-31,,active,5,12,42%,96.6,9.8,3,student2006@school.example,,Иногда опаздывает со сдачей
10021,2007,Ксения Новиков,7,A,Псков,Робототехника,И.А. Петров,engineering,advanced,2026-04-01,,active,14,16,88%,88.6,21.9,5,student2007@school.example,медиа|театр,Хорошо работает в команде
10022,2007,Ксения Новиков,7,A,Псков,Физика,М.И. Соколов,science,intermediate,2026-01-02,2026-07-13,completed,24,24,100%,86.6,42.8,2,student2007@school.example,медиа|театр,
10023,2007,Ксения Новиков,7,A,Псков,Веб-разработка,Д.Р. Белов,programming,intermediate,2026-03-08,2026-05-23,completed,24,24,100%,86.6,29.6,5,student2007@school.example,медиа|театр,Иногда опаздывает со сдачей
10024,2008,Мария Романов,6,B,Москва,Python,Е.В. Орлова,programming,advanced,2026-04-19,,active,9,20,45%,83.8,10.3,5,student2008@school.example,,Иногда опаздывает со сдачей
10025,2008,Мария Романов,6,B,Москва,Робототехника,И.А. Петров,engineering,advanced,2026-04-11,,active,13,16,81%,84.9,17.2,2,student2008@school.example,,Иногда опаздывает со сдачей
10026,2009,Лев Павлов,6,C,Санкт-Петербург,Робототехника,И.А. Петров,engineering,basic,2025-10-11,,active,13,24,54%,90.8,29.1,3,student2009@school.example,медиа,Нужно внимательнее читать условие
10027,2009,Лев Павлов,6,C,Санкт-Петербург,Олимпиадная математика,А.С. Крылов,math,advanced,2025-12-19,2026-07-05,completed,32,32,100%,66.8,66.5,5,student2009@school.example,медиа,Часто задаёт вопросы на занятии
10028,2010,Никита Петров,9,B,Псков,Физика,М.И. Соколов,science,advanced,2026-03-05,,active,11,32,34%,84.5,25.5,1,student2010@school.example,шахматы,  Отличный прогресс  
10029,2010,Никита Петров,9,B,Псков,Биология,Т.К. Лебедева,science,intermediate,2026-03-05,,active,31,32,97%,67.1,72.9,5,student2010@school.example,шахматы,  Отличный прогресс  
10030,2010,Никита Петров,9,B,Псков,Анализ данных,Н.П. Волкова,data,advanced,2025-09-15,,active,6,16,38%,58.1,12.7,1,student2010@school.example,шахматы,Стабильно выполняет задания
10031,2011,Лев Петров,5,B,Москва,Английский язык,С.В. Морозова,language,intermediate,2026-04-05,2026-07-20,completed,24,24,100%,63.4,57.0,4,student2011@school.example,волейбол,Часто задаёт вопросы на занятии
10032,2011,Лев Петров,5,B,Москва,Робототехника,И.А. Петров,engineering,intermediate,2026-03-20,2026-09-26,completed,12,12,100%,84.2,27.4,3,student2011@school.example,волейбол,Хорошо работает в команде
10033,2012,Виктория Жуков,8,A,Казань,Олимпиадная математика,А.С. Крылов,math,advanced,2025-11-30,2026-03-16,completed,12,12,100%,64.1,18.1,2,student2012@school.example,медиа|театр,  Отличный прогресс  
10034,2012,Виктория Жуков,8,A,Казань,Биология,Т.К. Лебедева,science,advanced,2026-05-06,,active,11,12,92%,62.4,24.5,4,student2012@school.example,медиа|театр,
10035,2013,Артём Морозов,8,C,Санкт-Петербург,Английский язык,С.В. Морозова,language,basic,2026-03-11,,active,23,24,96%,,27.9,3,student2013@school.example,театр,Нужно внимательнее читать условие
10036,2013,Артём Морозов,8,C,Санкт-Петербург,Биология,Т.К. Лебедева,science,advanced,2026-03-19,2026-10-08,completed,12,12,100%,68.9,23.6,1,student2013@school.example,театр,интерес к ПРОЕКТАМ
10037,2013,Артём Морозов,8,C,Санкт-Петербург,Веб-разработка,Д.Р. Белов,programming,intermediate,2026-03-13,,active,22,24,92%,61.1,26.6,3,student2013@school.example,театр,  Отличный прогресс  
10038,2014,Владимир Петров,7,B,Псков,Биология,Т.К. Лебедева,science,intermediate,2026-02-15,2026-04-30,completed,24,24,100%,76.4,46.4,3,student2014@school.example,,Быстро осваивает новые темы
10039,2014,Владимир Петров,7,B,Псков,Английский язык,С.В. Морозова,language,intermediate,2026-03-18,2026-09-06,completed,24,24,100%,72.0,53.6,5,student2014@school.example,,Нужно внимательнее читать условие
10040,2014,Владимир Петров,7,B,Псков,Веб-разработка,Д.Р. Белов,programming,advanced,2026-01-07,2026-05-15,completed,16,16,100%,65.3,26.5,2,student2014@school.example,,Сильная проектная работа
10041,2015,Максим Новиков,9,B,Великий Новгород,Веб-разработка,Д.Р. Белов,programming,basic,2025-09-27,,active,14,32,44%,90.8,28.5,4,student2015@school.example,робототехника|шахматы,Сильная проектная работа
10042,2015,Максим Новиков,9,B,Великий Новгород,Олимпиадная математика,А.С. Крылов,math,basic,2026-01-16,2026-08-07,completed,16,16,100%,59.8,29.9,3,student2015@school.example,робототехника|шахматы,Сильная проектная работа
10043,2015,Максим Новиков,9,B,Великий Новгород,Физика,М.И. Соколов,science,basic,2026-04-29,2026-10-13,completed,12,12,100%,71.1,14.9,4,student2015@school.example,робототехника|шахматы,Хорошо работает в команде
10044,2016,Полина Морозов,5,C,Москва,Веб-разработка,Д.Р. Белов,programming,intermediate,2025-12-05,2026-06-20,completed,32,32,100%,86.3,38.5,2,student2016@school.example,,
10045,2016,Полина Морозов,5,C,Москва,Python,Е.В. Орлова,programming,advanced,2026-03-20,,active,6,20,30%,69.7,9.0,5,student2016@school.example,,Иногда опаздывает со сдачей
10046,2016,Полина Морозов,5,C,Москва,Английский язык,С.В. Морозова,language,advanced,2025-09-22,,active,6,12,50%,68.1,12.6,5,student2016@school.example,,Нужна практика с домашними заданиями
10047,2016,Полина Морозов,5,C,Москва,Физика,М.И. Соколов,science,intermediate,2026-04-21,,active,7,12,58%,61.8,11.1,5,student2016@school.example,,  Отличный прогресс  
10048,2017,Максим Морозов,11,A,Псков,Английский язык,С.В. Морозова,language,intermediate,2025-12-21,2026-03-04,completed,32,32,100%,73.8,36.5,5,student2017@school.example,театр,Быстро осваивает новые темы
10049,2017,Максим Морозов,11,A,Псков,Веб-разработка,Д.Р. Белов,programming,intermediate,2026-02-09,2026-03-12,dropped,2,12,17%,62.8,4.0,1,student2017@school.example,театр,Быстро осваивает новые темы
10050,2018,Илья Макаров,9,C,Тверь,Физика,М.И. Соколов,science,advanced,2026-03-22,2026-07-08,completed,12,12,100%,81.2,22.7,3,student2018@school.example,шахматы|медиа,Сильная проектная работа
10051,2018,Илья Макаров,9,C,Тверь,Олимпиадная математика,А.С. Крылов,math,intermediate,2025-09-12,2026-03-27,completed,32,32,100%,94.2,69.2,2,student2018@school.example,шахматы|медиа,Часто задаёт вопросы на занятии
10052,2018,Илья Макаров,9,C,Тверь,Английский язык,С.В. Морозова,language,basic,2026-01-04,2026-07-02,completed,20,20,100%,95.7,33.6,1,student2018@school.example,шахматы|медиа,  Отличный прогресс  
10053,2018,Илья Макаров,9,C,Тверь,Анализ данных,Н.П. Волкова,data,basic,2025-11-23,,active,8,20,40%,61.0,19.1,4,student2018@school.example,шахматы|медиа,
10054,2019,Яна Громов,8,C,Казань,Английский язык,С.В. Морозова,language,basic,2026-05-03,,active,3,16,19%,65.8,6.4,3,student2019@school.example,шахматы|медиа,Хорошо работает в команде
10055,2019,Яна Громов,8,C,Казань,Робототехника,И.А. Петров,engineering,intermediate,2026-02-02,,active,6,12,50%,,7.6,2,student2019@school.example,шахматы|медиа,Сильная проектная работа
10056,2019,Яна Громов,8,C,Казань,Python,Е.В. Орлова,programming,intermediate,2025-09-06,2025-11-29,completed,16,16,100%,76.1,27.8,5,student2019@school.example,шахматы|медиа,
10057,2019,Яна Громов,8,C,Казань,Биология,Т.К. Лебедева,science,advanced,2026-03-11,2026-09-09,completed,32,32,100%,85.0,70.3,4,student2019@school.example,шахматы|медиа,Сильная проектная работа
10058,2020,Никита Орлов,10,A,Великий Новгород,Физика,М.И. Соколов,science,advanced,2025-11-20,2026-03-18,completed,20,20,100%,68.0,31.0,1,student2020@school.example,волейбол,  Отличный прогресс  
10059,2020,Никита Орлов,10,A,Великий Новгород,Анализ данных,Н.П. Волкова,data,basic,2025-11-01,2026-02-04,completed,20,20,100%,88.7,26.8,3,student2020@school.example,волейбол,Хорошо работает в команде
10060,2020,Никита Орлов,10,A,Великий Новгород,Английский язык,С.В. Морозова,language,basic,2025-11-26,2026-02-13,completed,12,12,100%,93.2,26.9,5,student2020@school.example,волейбол,интерес к ПРОЕКТАМ
10061,2021,Алина Данилов,11,B,Тверь,Робототехника,И.А. Петров,engineering,intermediate,2025-09-18,2026-04-07,completed,12,12,100%,84.1,19.1,3,student2021@school.example,робототехника,Часто задаёт вопросы на занятии
10062,2021,Алина Данилов,11,B,Тверь,Анализ данных,Н.П. Волкова,data,advanced,2026-04-25,2026-10-01,completed,16,16,100%,60.4,34.3,1,student2021@school.example,робототехника,Хорошо работает в команде
10063,2021,Алина Данилов,11,B,Тверь,Английский язык,С.В. Морозова,language,advanced,2026-01-28,2026-07-04,completed,24,24,100%,85.4,54.3,1,student2021@school.example,робототехника,интерес к ПРОЕКТАМ
10064,2021,Алина Данилов,11,B,Тверь,Физика,М.И. Соколов,science,basic,2025-09-20,,active,6,20,30%,56.0,7.9,1,student2021@school.example,робототехника,Нужна практика с домашними заданиями
10065,2022,Роман Орлов,5,C,Тверь,Python,Е.В. Орлова,programming,basic,2025-12-14,,active,2,12,17%,59.7,4.1,1,student2022@school.example,шахматы,интерес к ПРОЕКТАМ
10066,2022,Роман Орлов,5,C,Тверь,Робототехника,И.А. Петров,engineering,advanced,2026-04-10,,active,7,16,44%,56.2,14.4,1,student2022@school.example,шахматы,Иногда опаздывает со сдачей
10067,2022,Роман Орлов,5,C,Тверь,Олимпиадная математика,А.С. Крылов,math,advanced,2026-02-24,2026-06-20,completed,24,24,100%,65.5,47.4,3,student2022@school.example,шахматы,
10068,2023,Лев Козлов,5,C,Казань,Веб-разработка,Д.Р. Белов,programming,basic,2025-09-26,,active,7,12,58%,88.0,12.1,4,student2023@school.example,шахматы|медиа,Хорошо работает в команде
10069,2023,Лев Козлов,5,C,Казань,Физика,М.И. Соколов,science,advanced,2025-11-16,2026-06-10,completed,16,16,100%,58.5,19.5,4,student2023@school.example,шахматы|медиа,Хорошо работает в команде
10070,2023,Лев Козлов,5,C,Казань,Python,Е.В. Орлова,programming,basic,2025-11-13,,active,7,16,44%,83.7,14.5,3,student2023@school.example,шахматы|медиа,Стабильно выполняет задания
10071,2024,Мария Павлов,8,C,Москва,Биология,Т.К. Лебедева,science,intermediate,2025-12-21,,active,11,16,69%,69.0,15.9,4,student2024@school.example,робототехника,
10072,2024,Мария Павлов,8,C,Москва,Физика,М.И. Соколов,science,advanced,2026-04-21,,active,4,16,25%,63.2,7.5,2,student2024@school.example,робототехника,Иногда опаздывает со сдачей
10073,2024,Мария Павлов,8,C,Москва,Анализ данных,Н.П. Волкова,data,basic,2026-01-21,2026-05-11,completed,32,32,100%,66.3,70.1,1,student2024@school.example,робототехника,Часто задаёт вопросы на занятии
10074,2024,Мария Павлов,8,C,Москва,Английский язык,С.В. Морозова,language,intermediate,2026-01-24,2026-08-02,completed,20,20,100%,96.2,24.7,4,student2024@school.example,робототехника,
10075,2025,Тимофей Чернов,7,C,Казань,Робототехника,И.А. Петров,engineering,advanced,2025-11-16,2026-01-25,completed,32,32,100%,97.6,39.6,1,student2025@school.example,театр,Стабильно выполняет задания
10076,2025,Тимофей Чернов,7,C,Казань,Биология,Т.К. Лебедева,science,intermediate,2025-09-02,2026-02-05,completed,32,32,100%,80.4,54.5,4,student2025@school.example,театр,интерес к ПРОЕКТАМ
10077,2026,Иван Егоров,10,B,Санкт-Петербург,Английский язык,С.В. Морозова,language,basic,2026-01-17,2026-08-09,completed,12,12,100%,79.7,25.6,4,student2026@school.example,робототехника|шахматы,Сильная проектная работа
10078,2026,Иван Егоров,10,B,Санкт-Петербург,Анализ данных,Н.П. Волкова,data,basic,2025-12-16,2026-04-06,completed,24,24,100%,65.5,38.1,4,student2026@school.example,робототехника|шахматы,Сильная проектная работа
10079,2027,Алексей Васильев,5,B,Москва,Олимпиадная математика,А.С. Крылов,math,basic,2026-04-08,,active,2,12,17%,63.4,2.5,1,student2027@school.example,медиа|театр,Сильная проектная работа
10080,2027,Алексей Васильев,5,B,Москва,Веб-разработка,Д.Р. Белов,programming,intermediate,2025-10-07,2025-11-22,dropped,9,20,45%,,18.8,1,student2027@school.example,медиа|театр,
10081,2027,Алексей Васильев,5,B,Москва,Python,Е.В. Орлова,programming,intermediate,2026-01-27,,active,11,12,92%,54.6,21.8,2,student2027@school.example,медиа|театр,Нужно внимательнее читать условие
10082,2027,Алексей Васильев,5,B,Москва,Английский язык,С.В. Морозова,language,basic,2025-10-22,,active,10,16,62%,71.7,15.9,1,student2027@school.example,медиа|театр,
10083,2028,Алина Лебедев,7,C,Великий Новгород,Python,Е.В. Орлова,programming,intermediate,2026-02-18,,active,15,20,75%,77.0,25.1,5,student2028@school.example,волейбол|медиа,Хорошо работает в команде
10084,2028,Алина Лебедев,7,C,Великий Новгород,Биология,Т.К. Лебедева,science,intermediate,2026-04-26,,active,13,20,65%,53.8,18.8,5,student2028@school.example,волейбол|медиа,Часто задаёт вопросы на занятии
10085,2028,Алина Лебедев,7,C,Великий Новгород,Физика,М.И. Соколов,science,basic,2025-09-15,,active,5,12,42%,,8.0,2,student2028@school.example,волейбол|медиа,Сильная проектная работа
10086,2028,Алина Лебедев,7,C,Великий Новгород,Олимпиадная математика,А.С. Крылов,math,advanced,2026-03-06,,active,18,20,90%,96.1,38.2,5,student2028@school.example,волейбол|медиа,Нужна практика с домашними заданиями
10087,2029,Алексей Крылов,8,B,Казань,Физика,М.И. Соколов,science,basic,2026-04-24,2026-11-02,completed,24,24,100%,73.0,55.0,2,student2029@school.example,робототехника|шахматы,Сильная проектная работа
10088,2029,Алексей Крылов,8,B,Казань,Олимпиадная математика,А.С. Крылов,math,basic,2025-10-09,,active,10,12,83%,90.2,11.3,3,student2029@school.example,робототехника|шахматы,интерес к ПРОЕКТАМ
10089,2029,Алексей Крылов,8,B,Казань,Python,Е.В. Орлова,programming,intermediate,2026-02-28,,active,6,12,50%,69.0,11.0,3,student2029@school.example,робототехника|шахматы,Стабильно выполняет задания
10090,2029,Алексей Крылов,8,B,Казань,Анализ данных,Н.П. Волкова,data,intermediate,2025-12-23,,active,20,24,83%,94.2,26.2,3,student2029@school.example,робототехника|шахматы,  Отличный прогресс  
10091,2030,Иван Иванов,8,A,Санкт-Петербург,Робототехника,И.А. Петров,engineering,intermediate,2026-04-03,2026-07-25,completed,20,20,100%,72.0,23.5,3,student2030@school.example,театр,интерес к ПРОЕКТАМ
10092,2030,Иван Иванов,8,A,Санкт-Петербург,Веб-разработка,Д.Р. Белов,programming,advanced,2025-10-10,,active,25,32,78%,60.8,48.4,2,student2030@school.example,театр,Нужно внимательнее читать условие
10093,2030,Иван Иванов,8,A,Санкт-Петербург,Физика,М.И. Соколов,science,advanced,2025-11-19,,active,6,32,19%,89.6,9.7,3,student2030@school.example,театр,Сильная проектная работа
10094,2030,Иван Иванов,8,A,Санкт-Петербург,Английский язык,С.В. Морозова,language,advanced,2026-03-11,2026-09-30,completed,20,20,100%,93.3,34.7,1,student2030@school.example,театр,интерес к ПРОЕКТАМ
10095,2031,Екатерина Смирнов,9,C,Тверь,Веб-разработка,Д.Р. Белов,programming,intermediate,2026-01-02,,active,7,24,29%,74.4,8.1,2,student2031@school.example,,Сильная проектная работа
10096,2031,Екатерина Смирнов,9,C,Тверь,Физика,М.И. Соколов,science,basic,2025-10-08,2026-03-18,completed,12,12,100%,92.1,18.4,4,student2031@school.example,,Сильная проектная работа
10097,2032,Алина Новиков,7,B,Тверь,Анализ данных,Н.П. Волкова,data,advanced,2026-01-25,2026-06-24,completed,12,12,100%,81.5,15.0,3,student2032@school.example,волейбол|медиа,Сильная проектная работа
10098,2032,Алина Новиков,7,B,Тверь,Физика,М.И. Соколов,science,advanced,2025-10-02,2026-04-14,completed,24,24,100%,83.4,39.4,3,student2032@school.example,волейбол|медиа,Сильная проектная работа
10099,2032,Алина Новиков,7,B,Тверь,Робототехника,И.А. Петров,engineering,advanced,2026-02-13,,active,16,20,80%,,23.0,4,student2032@school.example,волейбол|медиа,Часто задаёт вопросы на занятии
10100,2032,Алина Новиков,7,B,Тверь,Python,Е.В. Орлова,programming,intermediate,2026-01-03,2026-04-30,completed,20,20,100%,88.0,41.7,3,student2032@school.example,волейбол|медиа,Нужно внимательнее читать условие
10101,2033,Кирилл Романов,5,B,Москва,Биология,Т.К. Лебедева,science,basic,2026-04-09,2026-09-16,completed,32,32,100%,61.8,74.3,1,student2033@school.example,робототехника|шахматы,Нужна практика с домашними заданиями
10102,2033,Кирилл Романов,5,B,Москва,Олимпиадная математика,А.С. Крылов,math,intermediate,2025-09-19,2026-01-12,completed,32,32,100%,75.4,74.2,3,student2033@school.example,робототехника|шахматы,Нужно внимательнее читать условие
10103,2033,Кирилл Романов,5,B,Москва,Робототехника,И.А. Петров,engineering,intermediate,2025-11-16,2026-01-31,completed,12,12,100%,66.4,21.8,2,student2033@school.example,робототехника|шахматы,Стабильно выполняет задания
10104,2033,Кирилл Романов,5,B,Москва,Анализ данных,Н.П. Волкова,data,advanced,2026-03-16,2026-08-26,completed,20,20,100%,60.0,37.0,1,student2033@school.example,робототехника|шахматы,Часто задаёт вопросы на занятии
10105,2034,Дарья Чернов,10,C,Псков,Анализ данных,Н.П. Волкова,data,advanced,2025-11-18,,active,21,24,88%,52.4,28.1,5,student2034@school.example,медиа|театр,интерес к ПРОЕКТАМ
10106,2034,Дарья Чернов,10,C,Псков,Физика,М.И. Соколов,science,advanced,2025-09-02,,active,22,32,69%,83.1,32.6,4,student2034@school.example,медиа|театр,Иногда опаздывает со сдачей
10107,2034,Дарья Чернов,10,C,Псков,Веб-разработка,Д.Р. Белов,programming,basic,2026-01-10,2026-03-24,completed,20,20,100%,95.5,38.9,4,student2034@school.example,медиа|театр,Нужно внимательнее читать условие
10108,2034,Дарья Чернов,10,C,Псков,Биология,Т.К. Лебедева,science,advanced,2026-02-22,2026-05-25,completed,32,32,100%,60.2,62.4,1,student2034@school.example,медиа|театр,Хорошо работает в команде
10109,2035,Андрей Смирнов,5,B,Псков,Английский язык,С.В. Морозова,language,advanced,2025-11-02,2026-02-06,dropped,15,32,47%,56.7,31.7,2,student2035@school.example,медиа,Быстро осваивает новые темы
10110,2035,Андрей Смирнов,5,B,Псков,Анализ данных,Н.П. Волкова,data,basic,2026-04-01,,active,2,12,17%,62.5,4.1,1,student2035@school.example,медиа,Нужна практика с домашними заданиями
10111,2035,Андрей Смирнов,5,B,Псков,Веб-разработка,Д.Р. Белов,programming,advanced,2025-10-12,,active,11,12,92%,67.3,24.8,1,student2035@school.example,медиа,Иногда опаздывает со сдачей
10112,2036,Андрей Белов,7,B,Санкт-Петербург,Python,Е.В. Орлова,programming,intermediate,2025-12-24,2026-05-22,completed,20,20,100%,86.4,26.6,2,student2036@school.example,робототехника,Часто задаёт вопросы на занятии
10113,2036,Андрей Белов,7,B,Санкт-Петербург,Робототехника,И.А. Петров,engineering,advanced,2026-01-17,2026-04-29,completed,32,32,100%,58.6,41.6,2,student2036@school.example,робототехника,Часто задаёт вопросы на занятии
10114,2036,Андрей Белов,7,B,Санкт-Петербург,Биология,Т.К. Лебедева,science,basic,2026-03-29,,active,12,20,60%,89.4,22.6,5,student2036@school.example,робототехника,
10115,2036,Андрей Белов,7,B,Санкт-Петербург,Олимпиадная математика,А.С. Крылов,math,intermediate,2025-09-04,2026-02-19,completed,24,24,100%,90.2,33.6,3,student2036@school.example,робототехника,Часто задаёт вопросы на занятии
10116,2037,Олег Романов,6,A,Великий Новгород,Олимпиадная математика,А.С. Крылов,math,basic,2026-01-05,,active,9,32,28%,87.8,12.6,4,student2037@school.example,робототехника,Иногда опаздывает со сдачей
10117,2037,Олег Романов,6,A,Великий Новгород,Робототехника,И.А. Петров,engineering,advanced,2025-09-25,2025-12-07,completed,20,20,100%,72.6,30.9,2,student2037@school.example,робототехника,Стабильно выполняет задания
10118,2037,Олег Романов,6,A,Великий Новгород,Веб-разработка,Д.Р. Белов,programming,advanced,2026-02-12,2026-06-10,completed,12,12,100%,79.0,25.0,3,student2037@school.example,робототехника,Быстро осваивает новые темы
10119,2037,Олег Романов,6,A,Великий Новгород,Физика,М.И. Соколов,science,advanced,2025-09-04,2025-12-22,completed,32,32,100%,61.9,63.7,5,student2037@school.example,робототехника,Хорошо работает в команде
10120,2038,Лев Егоров,11,B,Псков,Физика,М.И. Соколов,science,intermediate,2026-02-09,,active,21,24,88%,67.0,39.0,4,student2038@school.example,робототехника|шахматы,Сильная проектная работа
10121,2038,Лев Егоров,11,B,Псков,Анализ данных,Н.П. Волкова,data,advanced,2025-11-28,2026-03-01,completed,24,24,100%,70.4,46.0,4,student2038@school.example,робототехника|шахматы,Хорошо работает в команде
10122,2039,Владимир Романов,8,A,Казань,Робототехника,И.А. Петров,engineering,advanced,2025-11-20,,active,4,20,20%,84.8,8.3,5,student2039@school.example,шахматы,Хорошо работает в команде
10123,2039,Владимир Романов,8,A,Казань,Анализ данных,Н.П. Волкова,data,basic,2025-12-18,2026-05-22,completed,24,24,100%,68.2,50.5,5,student2039@school.example,шахматы,Часто задаёт вопросы на занятии
10124,2040,Иван Громов,9,A,Тверь,Физика,М.И. Соколов,science,intermediate,2026-05-01,,active,16,20,80%,54.7,26.0,3,student2040@school.example,шахматы,  Отличный прогресс  
10125,2040,Иван Громов,9,A,Тверь,Олимпиадная математика,А.С. Крылов,math,intermediate,2025-09-04,2025-09-28,dropped,2,32,6%,63.3,3.6,4,student2040@school.example,шахматы,Нужно внимательнее читать условие
10126,2040,Иван Громов,9,A,Тверь,Английский язык,С.В. Морозова,language,intermediate,2026-03-17,2026-07-15,completed,16,16,100%,73.2,21.3,2,student2040@school.example,шахматы,Быстро осваивает новые темы
10127,2040,Иван Громов,9,A,Тверь,Робототехника,И.А. Петров,engineering,intermediate,2026-04-18,,active,13,16,81%,76.8,24.9,3,student2040@school.example,шахматы,Часто задаёт вопросы на занятии
10128,2041,Алексей Петров,11,C,Казань,Физика,М.И. Соколов,science,intermediate,2026-02-22,2026-09-06,completed,24,24,100%,85.4,55.8,4,student2041@school.example,медиа|театр,Сильная проектная работа
10129,2041,Алексей Петров,11,C,Казань,Олимпиадная математика,А.С. Крылов,math,advanced,2025-10-25,2026-05-06,completed,16,16,100%,89.5,34.9,4,student2041@school.example,медиа|театр,Часто задаёт вопросы на занятии
10130,2041,Алексей Петров,11,C,Казань,Биология,Т.К. Лебедева,science,advanced,2026-04-30,2026-07-25,completed,24,24,100%,72.4,47.6,4,student2041@school.example,медиа|театр,интерес к ПРОЕКТАМ
10131,2041,Алексей Петров,11,C,Казань,Python,Е.В. Орлова,programming,intermediate,2025-09-05,2025-11-03,dropped,8,16,50%,79.6,16.4,5,student2041@school.example,медиа|театр,
10132,2042,Андрей Васильев,8,C,Санкт-Петербург,Python,Е.В. Орлова,programming,intermediate,2026-01-11,,active,23,24,96%,52.2,50.8,2,student2042@school.example,волейбол|медиа,Хорошо работает в команде
10133,2042,Андрей Васильев,8,C,Санкт-Петербург,Биология,Т.К. Лебедева,science,basic,2026-01-25,2026-07-19,completed,16,16,100%,82.6,29.9,2,student2042@school.example,волейбол|медиа,Часто задаёт вопросы на занятии
10134,2043,Даниил Яковлев,5,A,Тверь,Анализ данных,Н.П. Волкова,data,basic,2025-11-03,2026-02-13,completed,20,20,100%,85.8,45.6,3,student2043@school.example,медиа|театр,Быстро осваивает новые темы
10135,2043,Даниил Яковлев,5,A,Тверь,Python,Е.В. Орлова,programming,advanced,2026-03-20,2026-06-30,completed,24,24,100%,58.1,27.3,1,student2043@school.example,медиа|театр,Быстро осваивает новые темы
10136,2044,Виктория Фёдоров,11,A,Казань,Биология,Т.К. Лебедева,science,intermediate,2026-03-20,2026-04-16,dropped,6,16,38%,69.7,11.0,4,student2044@school.example,медиа|театр,Хорошо работает в команде
10137,2044,Виктория Фёдоров,11,A,Казань,Физика,М.И. Соколов,science,advanced,2026-04-19,,active,22,24,92%,86.6,49.0,4,student2044@school.example,медиа|театр,  Отличный прогресс  
10138,2044,Виктория Фёдоров,11,A,Казань,Python,Е.В. Орлова,programming,advanced,2026-04-15,,active,15,20,75%,95.1,21.8,3,student2044@school.example,медиа|театр,Часто задаёт вопросы на занятии
10139,2045,Андрей Фёдоров,11,C,Псков,Олимпиадная математика,А.С. Крылов,math,advanced,2025-11-16,,active,17,20,85%,56.7,27.9,4,student2045@school.example,медиа|театр,Стабильно выполняет задания
10140,2045,Андрей Фёдоров,11,C,Псков,Английский язык,С.В. Морозова,language,intermediate,2026-03-23,2026-08-04,completed,16,16,100%,88.3,37.7,3,student2045@school.example,медиа|театр,Иногда опаздывает со сдачей
10141,2045,Андрей Фёдоров,11,C,Псков,Python,Е.В. Орлова,programming,intermediate,2026-01-28,,active,16,24,67%,86.7,29.9,2,student2045@school.example,медиа|театр,Стабильно выполняет задания
10142,2046,Артём Орлов,6,A,Казань,Олимпиадная математика,А.С. Крылов,math,intermediate,2025-11-10,2026-02-06,completed,12,12,100%,78.2,20.4,1,student2046@school.example,,Стабильно выполняет задания
10143,2046,Артём Орлов,6,A,Казань,Биология,Т.К. Лебедева,science,basic,2026-04-18,2026-06-27,completed,24,24,100%,72.7,52.1,5,student2046@school.example,,интерес к ПРОЕКТАМ
10144,2046,Артём Орлов,6,A,Казань,Робототехника,И.А. Петров,engineering,basic,2025-12-01,2026-04-24,completed,16,16,100%,78.0,36.1,1,student2046@school.example,,
10145,2047,Мария Данилов,11,C,Великий Новгород,Английский язык,С.В. Морозова,language,intermediate,2026-05-01,2026-10-25,completed,12,12,100%,66.3,15.1,2,student2047@school.example,шахматы|медиа,Часто задаёт вопросы на занятии
10146,2047,Мария Данилов,11,C,Великий Новгород,Олимпиадная математика,А.С. Крылов,math,advanced,2026-01-07,,active,6,12,50%,,8.3,2,student2047@school.example,шахматы|медиа,  Отличный прогресс  
10147,2047,Мария Данилов,11,C,Великий Новгород,Биология,Т.К. Лебедева,science,advanced,2025-11-06,2026-01-04,dropped,8,16,50%,55.1,15.4,2,student2047@school.example,шахматы|медиа,Нужно внимательнее читать условие
10148,2048,Софья Алексеев,11,B,Псков,Биология,Т.К. Лебедева,science,advanced,2026-03-07,,active,19,20,95%,84.1,29.5,5,student2048@school.example,шахматы|медиа,
10149,2048,Софья Алексеев,11,B,Псков,Английский язык,С.В. Морозова,language,basic,2025-09-12,2026-01-15,completed,16,16,100%,95.8,26.7,5,student2048@school.example,шахматы|медиа,интерес к ПРОЕКТАМ
10150,2048,Софья Алексеев,11,B,Псков,Олимпиадная математика,А.С. Крылов,math,basic,2025-09-28,2026-01-28,completed,12,12,100%,63.7,21.2,2,student2048@school.example,шахматы|медиа,Нужна практика с домашними заданиями
10151,2048,Софья Алексеев,11,B,Псков,Робототехника,И.А. Петров,engineering,advanced,2025-09-05,,active,6,24,25%,72.6,11.3,4,student2048@school.example,шахматы|медиа,Иногда опаздывает со сдачей
10152,2049,Егор Макаров,9,B,Великий Новгород,Робототехника,И.А. Петров,engineering,basic,2026-02-16,2026-07-09,completed,16,16,100%,81.0,30.0,1,student2049@school.example,робототехника|шахматы,Нужна практика с домашними заданиями
10153,2049,Егор Макаров,9,B,Великий Новгород,Английский язык,С.В. Морозова,language,basic,2026-03-01,2026-05-10,dropped,10,24,42%,,17.3,2,student2049@school.example,робототехника|шахматы,Нужно внимательнее читать условие
10154,2050,Дмитрий Петров,10,B,Москва,Олимпиадная математика,А.С. Крылов,math,advanced,2026-02-14,2026-09-01,completed,12,12,100%,74.6,22.2,4,student2050@school.example,театр,Стабильно выполняет задания
10155,2050,Дмитрий Петров,10,B,Москва,Веб-разработка,Д.Р. Белов,programming,advanced,2025-10-13,,active,14,20,70%,56.0,28.0,1,student2050@school.example,театр,Часто задаёт вопросы на занятии
10156,2050,Дмитрий Петров,10,B,Москва,Анализ данных,Н.П. Волкова,data,basic,2025-12-31,,active,8,12,67%,69.5,9.4,3,student2050@school.example,театр,Быстро осваивает новые темы
10157,2050,Дмитрий Петров,10,B,Москва,Python,Е.В. Орлова,programming,intermediate,2026-04-30,,active,16,32,50%,,29.6,1,student2050@school.example,театр,
10158,2051,Никита Шестаков,5,C,Тверь,Анализ данных,Н.П. Волкова,data,advanced,2026-02-20,2026-08-29,completed,24,24,100%,73.6,57.5,3,student2051@school.example,робототехника|шахматы,  Отличный прогресс  
10159,2051,Никита Шестаков,5,C,Тверь,Робототехника,И.А. Петров,engineering,basic,2026-03-30,,active,27,32,84%,71.9,31.0,2,student2051@school.example,робототехника|шахматы,Хорошо работает в команде
10160,2051,Никита Шестаков,5,C,Тверь,Python,Е.В. Орлова,programming,advanced,2025-12-29,,active,23,24,96%,95.5,43.1,5,student2051@school.example,робототехника|шахматы,  Отличный прогресс  
10161,2052,Елена Морозов,8,B,Москва,Английский язык,С.В. Морозова,language,basic,2025-10-19,,active,7,16,44%,89.7,10.4,4,student2052@school.example,шахматы|медиа,Нужна практика с домашними заданиями
10162,2052,Елена Морозов,8,B,Москва,Анализ данных,Н.П. Волкова,data,intermediate,2025-12-18,2026-03-10,completed,20,20,100%,84.9,40.9,4,student2052@school.example,шахматы|медиа,Нужна практика с домашними заданиями
10163,2052,Елена Морозов,8,B,Москва,Биология,Т.К. Лебедева,science,basic,2025-11-03,2026-05-06,completed,16,16,100%,71.0,32.2,5,student2052@school.example,шахматы|медиа,Сильная проектная работа
10164,2052,Елена Морозов,8,B,Москва,Python,Е.В. Орлова,programming,advanced,2025-11-10,,active,17,32,53%,69.4,20.9,1,student2052@school.example,шахматы|медиа,Стабильно выполняет задания
10165,2053,Валерия Новиков,9,C,Казань,Python,Е.В. Орлова,programming,intermediate,2025-11-27,2026-05-28,completed,20,20,100%,88.0,30.0,2,student2053@school.example,робототехника|шахматы,Иногда опаздывает со сдачей
10166,2053,Валерия Новиков,9,C,Казань,Английский язык,С.В. Морозова,language,intermediate,2026-02-05,2026-03-31,dropped,6,16,38%,65.3,9.2,1,student2053@school.example,робототехника|шахматы,Быстро осваивает новые темы
10167,2053,Валерия Новиков,9,C,Казань,Веб-разработка,Д.Р. Белов,programming,advanced,2026-05-01,2026-10-30,completed,24,24,100%,77.7,57.3,5,student2053@school.example,робототехника|шахматы,Сильная проектная работа
10168,2054,Егор Громов,8,A,Москва,Олимпиадная математика,А.С. Крылов,math,basic,2025-09-23,2026-01-12,completed,24,24,100%,86.8,47.2,2,student2054@school.example,робототехника,Хорошо работает в команде
10169,2054,Егор Громов,8,A,Москва,Английский язык,С.В. Морозова,language,intermediate,2025-09-19,2026-01-14,completed,12,12,100%,75.6,13.3,3,student2054@school.example,робототехника,Иногда опаздывает со сдачей
10170,2054,Егор Громов,8,A,Москва,Python,Е.В. Орлова,programming,basic,2026-02-28,,active,18,20,90%,74.2,21.8,2,student2054@school.example,робототехника,  Отличный прогресс  
10171,2055,Максим Шестаков,11,B,Казань,Физика,М.И. Соколов,science,advanced,2026-03-27,2026-07-01,completed,24,24,100%,85.9,42.0,2,student2055@school.example,,Сильная проектная работа
10172,2055,Максим Шестаков,11,B,Казань,Веб-разработка,Д.Р. Белов,programming,advanced,2026-02-18,2026-07-09,completed,24,24,100%,93.4,51.3,4,student2055@school.example,,Стабильно выполняет задания
10173,2055,Максим Шестаков,11,B,Казань,Анализ данных,Н.П. Волкова,data,advanced,2026-04-21,2026-07-07,dropped,9,20,45%,75.4,17.8,3,student2055@school.example,,Нужна практика с домашними заданиями
10174,2056,Иван Морозов,6,A,Тверь,Физика,М.И. Соколов,science,intermediate,2026-02-27,,active,4,24,17%,77.1,9.3,5,student2056@school.example,медиа|театр,Нужна практика с домашними заданиями
10175,2056,Иван Морозов,6,A,Тверь,Python,Е.В. Орлова,programming,intermediate,2026-01-26,,active,12,24,50%,73.5,17.1,3,student2056@school.example,медиа|театр,Сильная проектная работа
10176,2056,Иван Морозов,6,A,Тверь,Английский язык,С.В. Морозова,language,intermediate,2025-12-16,2026-03-20,completed,16,16,100%,80.5,33.3,4,student2056@school.example,медиа|театр,интерес к ПРОЕКТАМ
10177,2057,Артём Иванов,11,C,Санкт-Петербург,Английский язык,С.В. Морозова,language,basic,2026-05-02,2026-08-04,dropped,1,16,6%,79.6,1.4,2,student2057@school.example,медиа|театр,Сильная проектная работа
10178,2057,Артём Иванов,11,C,Санкт-Петербург,Python,Е.В. Орлова,programming,intermediate,2025-12-19,2026-07-09,completed,20,20,100%,93.8,35.2,4,student2057@school.example,медиа|театр,Нужна практика с домашними заданиями
10179,2057,Артём Иванов,11,C,Санкт-Петербург,Биология,Т.К. Лебедева,science,intermediate,2026-01-11,,active,31,32,97%,72.8,51.0,1,student2057@school.example,медиа|театр,Быстро осваивает новые темы
10180,2057,Артём Иванов,11,C,Санкт-Петербург,Анализ данных,Н.П. Волкова,data,intermediate,2026-01-05,2026-05-16,completed,16,16,100%,74.6,28.4,5,student2057@school.example,медиа|театр,Быстро осваивает новые темы
10181,2058,Андрей Чернов,9,B,Великий Новгород,Веб-разработка,Д.Р. Белов,programming,advanced,2026-03-08,2026-09-29,completed,32,32,100%,88.0,48.7,3,student2058@school.example,медиа|театр,Стабильно выполняет задания
10182,2058,Андрей Чернов,9,B,Великий Новгород,Английский язык,С.В. Морозова,language,advanced,2025-12-28,,active,3,16,19%,80.5,5.5,1,student2058@school.example,медиа|театр,Хорошо работает в команде
10183,2059,Артём Смирнов,7,C,Великий Новгород,Олимпиадная математика,А.С. Крылов,math,intermediate,2025-10-06,2025-11-20,dropped,5,16,31%,,7.1,3,student2059@school.example,робототехника,Нужно внимательнее читать условие
10184,2059,Артём Смирнов,7,C,Великий Новгород,Биология,Т.К. Лебедева,science,advanced,2025-09-28,2026-04-14,completed,32,32,100%,82.2,58.6,4,student2059@school.example,робототехника,Нужна практика с домашними заданиями
10185,2059,Артём Смирнов,7,C,Великий Новгород,Физика,М.И. Соколов,science,advanced,2025-12-16,2026-03-21,dropped,5,12,42%,56.2,11.6,5,student2059@school.example,робототехника,Хорошо работает в команде
10186,2059,Артём Смирнов,7,C,Великий Новгород,Анализ данных,Н.П. Волкова,data,intermediate,2025-10-14,2026-01-28,completed,16,16,100%,58.9,22.0,5,student2059@school.example,робототехника,Хорошо работает в команде
10187,2060,Алексей Волков,7,B,Санкт-Петербург,Физика,М.И. Соколов,science,intermediate,2025-12-08,2026-04-15,completed,12,12,100%,90.2,20.7,2,student2060@school.example,робототехника,Быстро осваивает новые темы
10188,2060,Алексей Волков,7,B,Санкт-Петербург,Python,Е.В. Орлова,programming,advanced,2026-03-19,2026-10-13,completed,20,20,100%,89.6,28.6,3,student2060@school.example,робототехника,  Отличный прогресс  
10189,2060,Алексей Волков,7,B,Санкт-Петербург,Анализ данных,Н.П. Волкова,data,intermediate,2026-02-21,2026-03-24,dropped,8,20,40%,,11.6,4,student2060@school.example,робототехника,Нужно внимательнее читать условие
10190,2060,Алексей Волков,7,B,Санкт-Петербург,Веб-разработка,Д.Р. Белов,programming,basic,2026-05-08,2026-07-25,completed,12,12,100%,84.0,14.3,5,student2060@school.example,робототехника,Хорошо работает в команде
10191,2061,Кирилл Орлов,10,C,Москва,Робототехника,И.А. Петров,engineering,basic,2025-10-15,2025-12-31,dropped,16,32,50%,54.2,27.6,3,student2061@school.example,шахматы,Нужно внимательнее читать условие
10192,2061,Кирилл Орлов,10,C,Москва,Python,Е.В. Орлова,programming,basic,2026-03-28,,active,5,12,42%,53.6,6.6,3,student2061@school.example,шахматы,  Отличный прогресс  
10193,2061,Кирилл Орлов,10,C,Москва,Биология,Т.К. Лебедева,science,basic,2026-04-11,2026-10-05,completed,20,20,100%,96.3,36.5,3,student2061@school.example,шахматы,Нужно внимательнее читать условие
10194,2061,Кирилл Орлов,10,C,Москва,Анализ данных,Н.П. Волкова,data,advanced,2026-04-27,2026-10-27,completed,16,16,100%,90.9,35.3,2,student2061@school.example,шахматы,Стабильно выполняет задания
10195,2062,Валерия Иванов,6,B,Казань,Олимпиадная математика,А.С. Крылов,math,advanced,2025-12-14,2026-04-09,completed,16,16,100%,86.9,24.0,1,student2062@school.example,медиа|театр,Нужна практика с домашними заданиями
10196,2062,Валерия Иванов,6,B,Казань,Робототехника,И.А. Петров,engineering,basic,2026-04-02,,active,13,20,65%,,21.6,3,student2062@school.example,медиа|театр,Нужно внимательнее читать условие
10197,2062,Валерия Иванов,6,B,Казань,Анализ данных,Н.П. Волкова,data,advanced,2025-10-02,2025-10-23,dropped,1,12,8%,,1.8,5,student2062@school.example,медиа|театр,Нужно внимательнее читать условие
10198,2063,Никита Егоров,7,A,Тверь,Английский язык,С.В. Морозова,language,advanced,2025-10-03,,active,12,16,75%,,23.0,5,student2063@school.example,робототехника,Иногда опаздывает со сдачей
10199,2063,Никита Егоров,7,A,Тверь,Олимпиадная математика,А.С. Крылов,math,basic,2025-09-08,,active,14,24,58%,63.8,27.7,4,student2063@school.example,робототехника,Быстро осваивает новые темы
10200,2063,Никита Егоров,7,A,Тверь,Python,Е.В. Орлова,programming,intermediate,2025-10-10,2026-01-27,completed,12,12,100%,65.7,13.4,2,student2063@school.example,робототехника,Сильная проектная работа
10201,2063,Никита Егоров,7,A,Тверь,Веб-разработка,Д.Р. Белов,programming,advanced,2025-10-22,,active,4,16,25%,54.3,8.1,2,student2063@school.example,робототехника,  Отличный прогресс  
10202,2064,Даниил Смирнов,5,B,Псков,Веб-разработка,Д.Р. Белов,programming,intermediate,2026-03-22,2026-05-11,dropped,10,24,42%,,11.6,4,student2064@school.example,театр,Стабильно выполняет задания
10203,2064,Даниил Смирнов,5,B,Псков,Робототехника,И.А. Петров,engineering,advanced,2025-09-03,2025-11-27,completed,16,16,100%,73.8,36.0,5,student2064@school.example,театр,Быстро осваивает новые темы
10204,2065,Мария Шестаков,6,A,Санкт-Петербург,Веб-разработка,Д.Р. Белов,programming,advanced,2025-09-24,2026-01-04,completed,16,16,100%,66.4,28.5,2,student2065@school.example,медиа,интерес к ПРОЕКТАМ
10205,2065,Мария Шестаков,6,A,Санкт-Петербург,Биология,Т.К. Лебедева,science,advanced,2025-11-01,2026-02-01,completed,32,32,100%,68.4,38.3,5,student2065@school.example,медиа,
10206,2065,Мария Шестаков,6,A,Санкт-Петербург,Английский язык,С.В. Морозова,language,intermediate,2025-10-17,,active,22,24,92%,84.6,26.9,2,student2065@school.example,медиа,Часто задаёт вопросы на занятии
10207,2065,Мария Шестаков,6,A,Санкт-Петербург,Физика,М.И. Соколов,science,basic,2025-10-01,2026-01-28,completed,20,20,100%,60.7,45.7,5,student2065@school.example,медиа,Иногда опаздывает со сдачей
10208,2066,Никита Данилов,6,C,Москва,Робототехника,И.А. Петров,engineering,advanced,2025-09-07,2026-04-05,completed,20,20,100%,64.8,45.9,4,student2066@school.example,медиа,Часто задаёт вопросы на занятии
10209,2066,Никита Данилов,6,C,Москва,Python,Е.В. Орлова,programming,basic,2026-03-20,2026-06-27,dropped,1,12,8%,,2.2,1,student2066@school.example,медиа,Сильная проектная работа
10210,2067,Андрей Волков,6,B,Казань,Python,Е.В. Орлова,programming,intermediate,2026-03-25,2026-09-18,completed,32,32,100%,90.7,42.3,2,student2067@school.example,волейбол|медиа,Иногда опаздывает со сдачей
10211,2067,Андрей Волков,6,B,Казань,Робототехника,И.А. Петров,engineering,advanced,2026-01-07,2026-04-18,completed,16,16,100%,67.5,22.3,3,student2067@school.example,волейбол|медиа,Сильная проектная работа
10212,2067,Андрей Волков,6,B,Казань,Олимпиадная математика,А.С. Крылов,math,intermediate,2026-04-19,2026-08-01,completed,16,16,100%,88.9,28.9,5,student2067@school.example,волейбол|медиа,Хорошо работает в команде
10213,2067,Андрей Волков,6,B,Казань,Английский язык,С.В. Морозова,language,basic,2026-05-06,,active,9,12,75%,63.6,14.1,2,student2067@school.example,волейбол|медиа,Нужна практика с домашними заданиями
10214,2068,Тимофей Макаров,7,B,Тверь,Робототехника,И.А. Петров,engineering,advanced,2025-12-07,2026-04-15,completed,32,32,100%,86.4,57.0,3,student2068@school.example,медиа|театр,
10215,2068,Тимофей Макаров,7,B,Тверь,Биология,Т.К. Лебедева,science,basic,2026-04-04,2026-10-17,completed,24,24,100%,90.4,28.0,3,student2068@school.example,медиа|театр,Быстро осваивает новые темы
10216,2069,Ксения Громов,5,C,Тверь,Робототехника,И.А. Петров,engineering,intermediate,2025-10-27,2026-02-03,completed,32,32,100%,62.6,73.4,5,student2069@school.example,шахматы|медиа,Стабильно выполняет задания
10217,2069,Ксения Громов,5,C,Тверь,Веб-разработка,Д.Р. Белов,programming,advanced,2025-09-09,,active,8,24,33%,71.8,10.5,1,student2069@school.example,шахматы|медиа,Часто задаёт вопросы на занятии
10218,2069,Ксения Громов,5,C,Тверь,Английский язык,С.В. Морозова,language,basic,2025-10-19,,active,5,16,31%,61.9,9.6,1,student2069@school.example,шахматы|медиа,Быстро осваивает новые темы
10219,2069,Ксения Громов,5,C,Тверь,Python,Е.В. Орлова,programming,advanced,2026-01-28,,active,13,16,81%,69.8,19.5,3,student2069@school.example,шахматы|медиа,Часто задаёт вопросы на занятии
10220,2070,Владимир Новиков,10,A,Псков,Физика,М.И. Соколов,science,advanced,2026-01-22,2026-05-15,completed,24,24,100%,61.6,30.4,5,student2070@school.example,робототехника|шахматы,интерес к ПРОЕКТАМ
10221,2070,Владимир Новиков,10,A,Псков,Биология,Т.К. Лебедева,science,basic,2026-01-01,2026-04-27,completed,32,32,100%,89.4,66.0,5,student2070@school.example,робототехника|шахматы,Сильная проектная работа
10222,2070,Владимир Новиков,10,A,Псков,Английский язык,С.В. Морозова,language,basic,2025-11-27,2026-04-14,completed,12,12,100%,72.0,26.4,2,student2070@school.example,робототехника|шахматы,Хорошо работает в команде
10223,2070,Владимир Новиков,10,A,Псков,Анализ данных,Н.П. Волкова,data,basic,2025-09-13,2025-10-10,dropped,2,24,8%,53.5,3.0,5,student2070@school.example,робототехника|шахматы,Стабильно выполняет задания
10224,2071,Алина Павлов,8,B,Казань,Олимпиадная математика,А.С. Крылов,math,intermediate,2026-01-28,,active,9,12,75%,,12.0,2,student2071@school.example,шахматы|медиа,Быстро осваивает новые темы
10225,2071,Алина Павлов,8,B,Казань,Python,Е.В. Орлова,programming,advanced,2025-11-19,2026-03-16,completed,32,32,100%,86.4,75.6,1,student2071@school.example,шахматы|медиа,  Отличный прогресс  
10226,2072,Никита Козлов,11,B,Москва,Робототехника,И.А. Петров,engineering,basic,2025-11-05,2026-03-23,completed,16,16,100%,62.6,18.2,4,student2072@school.example,шахматы,Иногда опаздывает со сдачей
10227,2072,Никита Козлов,11,B,Москва,Олимпиадная математика,А.С. Крылов,math,intermediate,2025-10-02,,active,21,32,66%,77.0,41.2,3,student2072@school.example,шахматы,Часто задаёт вопросы на занятии
10228,2072,Никита Козлов,11,B,Москва,Анализ данных,Н.П. Волкова,data,basic,2025-09-27,,active,17,32,53%,83.3,21.2,4,student2072@school.example,шахматы,Нужно внимательнее читать условие
10229,2073,Максим Фёдоров,7,C,Великий Новгород,Веб-разработка,Д.Р. Белов,programming,intermediate,2026-03-28,,active,4,24,17%,95.3,7.1,4,student2073@school.example,театр,
10230,2073,Максим Фёдоров,7,C,Великий Новгород,Анализ данных,Н.П. Волкова,data,basic,2026-01-29,,active,9,24,38%,79.3,17.3,5,student2073@school.example,театр,Нужна практика с домашними заданиями
10231,2073,Максим Фёдоров,7,C,Великий Новгород,Python,Е.В. Орлова,programming,basic,2025-11-13,,active,8,24,33%,67.6,10.2,2,student2073@school.example,театр,Иногда опаздывает со сдачей
10232,2074,Егор Орлов,7,B,Тверь,Робототехника,И.А. Петров,engineering,basic,2026-04-09,2026-07-05,completed,32,32,100%,85.1,38.5,3,student2074@school.example,робототехника|шахматы,Хорошо работает в команде
10233,2074,Егор Орлов,7,B,Тверь,Олимпиадная математика,А.С. Крылов,math,advanced,2026-04-04,,active,13,32,41%,64.5,21.2,3,student2074@school.example,робототехника|шахматы,Быстро осваивает новые темы
10234,2075,Роман Павлов,6,B,Псков,Физика,М.И. Соколов,science,intermediate,2025-12-19,2026-04-22,completed,32,32,100%,82.9,71.1,2,student2075@school.example,волейбол|медиа,  Отличный прогресс  
10235,2075,Роман Павлов,6,B,Псков,Олимпиадная математика,А.С. Крылов,math,advanced,2025-10-28,,active,8,12,67%,72.1,9.5,4,student2075@school.example,волейбол|медиа,интерес к ПРОЕКТАМ
10236,2076,Елена Васильев,11,B,Санкт-Петербург,Английский язык,С.В. Морозова,language,intermediate,2026-03-07,2026-07-17,completed,12,12,100%,74.3,22.7,4,student2076@school.example,шахматы,Нужна практика с домашними заданиями
10237,2076,Елена Васильев,11,B,Санкт-Петербург,Олимпиадная математика,А.С. Крылов,math,basic,2026-04-03,,active,5,20,25%,83.5,6.9,5,student2076@school.example,шахматы,интерес к ПРОЕКТАМ
10238,2076,Елена Васильев,11,B,Санкт-Петербург,Анализ данных,Н.П. Волкова,data,advanced,2025-10-26,,active,16,32,50%,81.9,33.5,1,student2076@school.example,шахматы,Хорошо работает в команде
10239,2076,Елена Васильев,11,B,Санкт-Петербург,Физика,М.И. Соколов,science,intermediate,2026-04-16,2026-09-27,completed,16,16,100%,74.0,18.3,4,student2076@school.example,шахматы,  Отличный прогресс  
10240,2077,Егор Иванов,7,B,Тверь,Английский язык,С.В. Морозова,language,basic,2025-11-17,2026-02-04,dropped,9,24,38%,,19.1,5,student2077@school.example,театр,Быстро осваивает новые темы
10241,2077,Егор Иванов,7,B,Тверь,Биология,Т.К. Лебедева,science,advanced,2025-10-12,2026-01-07,dropped,4,12,33%,63.0,5.4,5,student2077@school.example,театр,Быстро осваивает новые темы
10242,2077,Егор Иванов,7,B,Тверь,Python,Е.В. Орлова,programming,basic,2025-09-04,,active,9,16,56%,83.7,15.3,2,student2077@school.example,театр,  Отличный прогресс  
10243,2078,Михаил Орлов,5,A,Тверь,Python,Е.В. Орлова,programming,intermediate,2025-10-22,2026-01-29,completed,12,12,100%,85.3,17.7,1,student2078@school.example,медиа|театр,Нужна практика с домашними заданиями
10244,2078,Михаил Орлов,5,A,Тверь,Физика,М.И. Соколов,science,advanced,2026-04-16,2026-07-14,completed,32,32,100%,75.2,44.7,5,student2078@school.example,медиа|театр,Часто задаёт вопросы на занятии
10245,2079,Никита Алексеев,8,A,Великий Новгород,Английский язык,С.В. Морозова,language,basic,2025-11-12,2026-02-19,completed,12,12,100%,72.9,26.5,4,student2079@school.example,волейбол,Нужно внимательнее читать условие
10246,2079,Никита Алексеев,8,A,Великий Новгород,Python,Е.В. Орлова,programming,advanced,2026-02-18,2026-03-18,dropped,6,12,50%,35.0,10.6,1,student2079@school.example,волейбол,Хорошо работает в команде
10247,2080,Софья Павлов,9,B,Тверь,Олимпиадная математика,А.С. Крылов,math,advanced,2025-10-23,2026-05-14,completed,32,32,100%,92.6,35.8,1,student2080@school.example,волейбол|медиа,
10248,2080,Софья Павлов,9,B,Тверь,Веб-разработка,Д.Р. Белов,programming,basic,2026-03-08,2026-07-21,completed,32,32,100%,64.7,72.4,4,student2080@school.example,волейбол|медиа,  Отличный прогресс  
10249,2080,Софья Павлов,9,B,Тверь,Английский язык,С.В. Морозова,language,intermediate,2026-02-09,,active,10,12,83%,75.0,20.4,1,student2080@school.example,волейбол|медиа,Стабильно выполняет задания
10250,2081,Никита Васильев,9,B,Великий Новгород,Английский язык,С.В. Морозова,language,basic,2025-11-03,2026-05-09,completed,12,12,100%,84.6,22.5,3,student2081@school.example,,интерес к ПРОЕКТАМ
10251,2081,Никита Васильев,9,B,Великий Новгород,Физика,М.И. Соколов,science,intermediate,2026-01-10,,active,22,24,92%,55.2,46.0,3,student2081@school.example,,Сильная проектная работа
10252,2081,Никита Васильев,9,B,Великий Новгород,Анализ данных,Н.П. Волкова,data,advanced,2025-09-29,2025-12-15,completed,16,16,100%,69.8,35.6,3,student2081@school.example,,Хорошо работает в команде
10253,2082,Артём Белов,10,A,Псков,Физика,М.И. Соколов,science,basic,2026-01-07,2026-04-30,completed,20,20,100%,62.3,26.9,5,student2082@school.example,театр,Иногда опаздывает со сдачей
10254,2082,Артём Белов,10,A,Псков,Олимпиадная математика,А.С. Крылов,math,advanced,2026-02-05,2026-04-27,completed,32,32,100%,77.5,75.7,3,student2082@school.example,театр,Быстро осваивает новые темы
10255,2082,Артём Белов,10,A,Псков,Python,Е.В. Орлова,programming,advanced,2026-01-03,2026-06-06,completed,12,12,100%,63.8,20.8,4,student2082@school.example,театр,Сильная проектная работа
10256,2082,Артём Белов,10,A,Псков,Биология,Т.К. Лебедева,science,basic,2025-11-11,2026-04-19,completed,20,20,100%,70.5,42.1,5,student2082@school.example,театр,Нужна практика с домашними заданиями
10257,2083,Тимофей Шестаков,6,B,Великий Новгород,Веб-разработка,Д.Р. Белов,programming,intermediate,2026-03-11,,active,6,20,30%,,9.4,5,student2083@school.example,шахматы,Хорошо работает в команде
10258,2083,Тимофей Шестаков,6,B,Великий Новгород,Робототехника,И.А. Петров,engineering,basic,2025-10-11,,active,9,12,75%,,17.8,2,student2083@school.example,шахматы,интерес к ПРОЕКТАМ
10259,2083,Тимофей Шестаков,6,B,Великий Новгород,Английский язык,С.В. Морозова,language,intermediate,2025-11-21,,active,7,12,58%,67.5,9.5,1,student2083@school.example,шахматы,  Отличный прогресс  
10260,2083,Тимофей Шестаков,6,B,Великий Новгород,Анализ данных,Н.П. Волкова,data,advanced,2025-12-20,2026-03-13,dropped,1,20,5%,56.3,1.8,2,student2083@school.example,шахматы,Стабильно выполняет задания
10261,2084,Олег Лебедев,10,C,Тверь,Робототехника,И.А. Петров,engineering,intermediate,2025-12-01,2026-04-10,completed,24,24,100%,60.2,45.2,2,student2084@school.example,волейбол|медиа,Быстро осваивает новые темы
10262,2084,Олег Лебедев,10,C,Тверь,Python,Е.В. Орлова,programming,intermediate,2025-12-24,2026-07-13,completed,20,20,100%,86.3,32.3,3,student2084@school.example,волейбол|медиа,  Отличный прогресс  
10263,2084,Олег Лебедев,10,C,Тверь,Олимпиадная математика,А.С. Крылов,math,advanced,2026-02-09,,active,15,16,94%,,31.0,3,student2084@school.example,волейбол|медиа,Сильная проектная работа
10264,2085,Кирилл Новиков,5,C,Тверь,Анализ данных,Н.П. Волкова,data,intermediate,2026-03-26,2026-06-18,completed,12,12,100%,96.3,25.4,4,student2085@school.example,шахматы|медиа,
10265,2085,Кирилл Новиков,5,C,Тверь,Физика,М.И. Соколов,science,advanced,2026-03-02,2026-05-11,completed,20,20,100%,74.9,35.6,4,student2085@school.example,шахматы|медиа,Стабильно выполняет задания
10266,2086,Анна Жуков,8,A,Великий Новгород,Биология,Т.К. Лебедева,science,advanced,2026-02-24,,active,11,16,69%,75.4,18.6,3,student2086@school.example,волейбол|медиа,Сильная проектная работа
10267,2086,Анна Жуков,8,A,Великий Новгород,Веб-разработка,Д.Р. Белов,programming,intermediate,2025-11-13,2026-01-04,dropped,2,12,17%,,2.4,2,student2086@school.example,волейбол|медиа,Стабильно выполняет задания
10268,2086,Анна Жуков,8,A,Великий Новгород,Анализ данных,Н.П. Волкова,data,advanced,2025-12-22,2026-03-04,completed,20,20,100%,77.5,40.2,5,student2086@school.example,волейбол|медиа,Быстро осваивает новые темы
10269,2086,Анна Жуков,8,A,Великий Новгород,Физика,М.И. Соколов,science,advanced,2025-09-25,,active,3,12,25%,74.1,4.3,4,student2086@school.example,волейбол|медиа,Часто задаёт вопросы на занятии
10270,2087,Виктория Орлов,8,B,Тверь,Анализ данных,Н.П. Волкова,data,basic,2025-11-01,,active,8,12,67%,89.8,15.0,3,student2087@school.example,шахматы,Иногда опаздывает со сдачей
10271,2087,Виктория Орлов,8,B,Тверь,Веб-разработка,Д.Р. Белов,programming,intermediate,2025-11-23,2026-03-09,completed,12,12,100%,78.8,15.8,5,student2087@school.example,шахматы,Быстро осваивает новые темы
10272,2088,Олег Шестаков,8,B,Тверь,Физика,М.И. Соколов,science,advanced,2026-04-26,,active,23,24,96%,61.6,49.0,5,student2088@school.example,театр,
10273,2088,Олег Шестаков,8,B,Тверь,Робототехника,И.А. Петров,engineering,basic,2025-11-01,,active,20,32,62%,69.8,43.3,2,student2088@school.example,театр,Часто задаёт вопросы на занятии
10274,2089,Алексей Громов,11,C,Москва,Анализ данных,Н.П. Волкова,data,basic,2025-09-17,2026-01-03,completed,20,20,100%,76.5,45.1,5,student2089@school.example,волейбол,Хорошо работает в команде
10275,2089,Алексей Громов,11,C,Москва,Олимпиадная математика,А.С. Крылов,math,advanced,2025-12-18,2026-07-15,completed,16,16,100%,65.3,20.1,3,student2089@school.example,волейбол,
10276,2089,Алексей Громов,11,C,Москва,Python,Е.В. Орлова,programming,intermediate,2026-04-15,,active,14,20,70%,70.2,33.2,2,student2089@school.example,волейбол,
10277,2089,Алексей Громов,11,C,Москва,Биология,Т.К. Лебедева,science,advanced,2026-04-22,2026-08-25,completed,16,16,100%,67.8,37.6,2,student2089@school.example,волейбол,интерес к ПРОЕКТАМ
10278,2090,Михаил Жуков,5,B,Великий Новгород,Английский язык,С.В. Морозова,language,intermediate,2025-11-04,2026-03-17,completed,20,20,100%,61.0,43.0,5,student2090@school.example,шахматы|медиа,Хорошо работает в команде
10279,2090,Михаил Жуков,5,B,Великий Новгород,Олимпиадная математика,А.С. Крылов,math,advanced,2025-12-13,2026-02-23,completed,16,16,100%,60.6,24.4,4,student2090@school.example,шахматы|медиа,Иногда опаздывает со сдачей
10280,2090,Михаил Жуков,5,B,Великий Новгород,Анализ данных,Н.П. Волкова,data,advanced,2026-03-27,2026-10-02,completed,12,12,100%,73.2,27.9,2,student2090@school.example,шахматы|медиа,Нужно внимательнее читать условие
10281,2020,Никита Орлов,10,A,Великий Новгород,Физика,М.И. Соколов,science,advanced,2025-11-20,2026-03-18,completed,20,20,100%,68.0,31.0,1,student2020@school.example,волейбол,  Отличный прогресс  
10282,2035,Андрей Смирнов,5,B,Псков,Английский язык,С.В. Морозова,language,advanced,2025-11-02,2026-02-06,dropped,15,32,47%,56.7,31.7,2,student2035@school.example,медиа,Быстро осваивает новые темы
10283,2028,Алина Лебедев,7,C,Великий Новгород,Физика,М.И. Соколов,science,basic,2025-09-15,,active,5,12,42%,,8.0,2,student2028@school.example,волейбол|медиа,Сильная проектная работа
10284,2083,Тимофей Шестаков,6,B,Великий Новгород,Английский язык,С.В. Морозова,language,intermediate,2025-11-21,,active,7,12,58%,67.5,9.5,1,student2083@school.example,шахматы,  Отличный прогресс  
10285,2060,Алексей Волков,7,B,Санкт-Петербург,Веб-разработка,Д.Р. Белов,programming,basic,2026-05-08,2026-07-25,completed,12,12,100%,84.0,14.3,5,student2060@school.example,робототехника,Хорошо работает в команде
10286,2080,Софья Павлов,9,B,Тверь,Английский язык,С.В. Морозова,language,intermediate,2026-02-09,,active,10,12,83%,75.0,20.4,1,student2080@school.example,волейбол|медиа,Стабильно выполняет задания
